qui paye ?,date,qui reçoit,poste,montant,nature,pointage,note,facture correspondante
Membre,16/07/2024,Stripe,ventes de marchandises,46.00 €,cb,,Vente stripe,
Stripe,16/07/2024,Stripe,commissions,0.80 €,prv,,commission stripe,
Stripe,16/07/2024,B2T,caisse stripe,45.20 €,cb,x,transfert stripe,
Membre,01/07/2024,Stripe,ventes de marchandises,87.00 €,cb,,Vente stripe,
Stripe,01/07/2024,Stripe,commissions,1.56 €,prv,,commission stripe,
Stripe,01/07/2024,B2T,caisse stripe,85.44 €,cb,x,transfert stripe,
Membre,24/04/2024,Stripe,ventes de marchandises,55.00 €,cb,,Vente stripe,
Stripe,24/04/2024,Stripe,commissions,1.08 €,prv,,commission stripe,
Stripe,24/04/2024,B2T,caisse stripe,53.92 €,cb,x,transfert stripe,
Membre,22/04/2024,Stripe,ventes de marchandises,56.00 €,cb,,Vente stripe,
Stripe,22/04/2024,Stripe,commissions,1.09 €,prv,,commission stripe,
Stripe,22/04/2024,B2T,caisse stripe,54.91 €,cb,x,transfert stripe,
Membre,11/04/2024,Stripe,ventes de marchandises,37.00 €,cb,,Vente stripe,
Stripe,11/04/2024,Stripe,commissions,0.69 €,prv,,commission stripe,
Stripe,11/04/2024,B2T,caisse stripe,36.31 €,cb,x,transfert stripe,
Membre,17/03/2024,Stripe,ventes de marchandises,57.00 €,cb,,Vente stripe,2021-0020
Stripe,17/03/2024,Stripe,commissions,2.10 €,prv,,commission stripe,2021-0020
Stripe,17/03/2024,B2T,caisse stripe,54.90 €,cb,x,transfert stripe,2021-0020
Membre,12/03/2024,Stripe,ventes de marchandises,97.00 €,cb,,Vente stripe,
Stripe,12/03/2024,Stripe,commissions,1.71 €,prv,,commission stripe,
Stripe,12/03/2024,B2T,caisse stripe,95.29 €,cb,x,transfert stripe,
Membre,08/03/2024,Stripe,ventes de marchandises,26.00 €,cb,,Vente stripe,
Stripe,08/03/2024,Stripe,commissions,0.56 €,prv,,commission stripe,
Stripe,08/03/2024,B2T,caisse stripe,25.44 €,cb,x,transfert stripe,
Membre,07/03/2024,Stripe,ventes de marchandises,42.00 €,cb,,Vente stripe,
Stripe,07/03/2024,Stripe,commissions,0.88 €,prv,,commission stripe,
Stripe,07/03/2024,B2T,caisse stripe,41.12 €,cb,x,transfert stripe,
Membre,04/03/2024,Stripe,ventes de marchandises,26.00 €,cb,,Vente stripe,
Stripe,04/03/2024,Stripe,commissions,0.56 €,prv,,commission stripe,
Stripe,04/03/2024,B2T,caisse stripe,25.44 €,cb,x,transfert stripe,
Membre,18/02/2024,Stripe,ventes de marchandises,100.00 €,cb,,Vente stripe,2021-0019
Stripe,18/02/2024,Stripe,commissions,1.75 €,prv,,commission stripe,2021-0019
Stripe,18/02/2024,B2T,caisse stripe,98.25 €,cb,x,transfert stripe,2021-0019
Membre,26/01/2024,Stripe,ventes de marchandises,42.00 €,cb,,Vente stripe,
Stripe,26/01/2024,Stripe,commissions,0.75 €,prv,,commission stripe,
Stripe,26/01/2024,B2T,caisse stripe,41.25 €,cb,x,transfert stripe,
Membre,11/01/2024,Stripe,ventes de marchandises,46.00 €,cb,,Vente stripe,
Stripe,11/01/2024,Stripe,commissions,0.94 €,prv,,commission stripe,
Stripe,11/01/2024,B2T,caisse stripe,45.06 €,cb,x,transfert stripe,
Membre,05/01/2024,Stripe,ventes de marchandises,42.00 €,cb,,Vente stripe,
Stripe,05/01/2024,Stripe,commissions,0.88 €,prv,,commission stripe,
Stripe,05/01/2024,B2T,caisse stripe,41.12 €,cb,x,transfert stripe,
Membre,22/12/2023,Stripe,ventes de marchandises,40.00 €,cb,,Vente stripe,2021-0016
Stripe,22/12/2023,Stripe,commissions,0.85 €,prv,,commission stripe,2021-0016
Stripe,22/12/2023,B2T,caisse stripe,39.15 €,cb,x,transfert stripe,2021-0016
Membre,18/12/2023,Stripe,ventes de marchandises,26.00 €,cb,,Vente stripe,
Stripe,18/12/2023,Stripe,commissions,0.64 €,prv,,commission stripe,
Stripe,18/12/2023,B2T,caisse stripe,25.36 €,cb,x,transfert stripe,
Membre,17/12/2023,Stripe,ventes de marchandises,99.00 €,cb,,Vente stripe,
Stripe,17/12/2023,Stripe,commissions,1.44 €,prv,,commission stripe,
Stripe,17/12/2023,B2T,caisse stripe,97.56 €,cb,x,transfert stripe,
Membre,15/12/2023,Stripe,ventes de marchandises,21.00 €,cb,,Vente stripe,
Stripe,15/12/2023,Stripe,commissions,0.57 €,prv,,commission stripe,
Stripe,15/12/2023,B2T,caisse stripe,20.43 €,cb,x,transfert stripe,
Membre,12/12/2023,Stripe,ventes de marchandises,51.00 €,cb,,Vente stripe,2021-0015
Stripe,12/12/2023,Stripe,commissions,1.02 €,prv,,commission stripe,2021-0015
Stripe,12/12/2023,B2T,caisse stripe,49.98 €,cb,x,transfert stripe,2021-0015
Membre,12/12/2023,Stripe,ventes de marchandises,51.00 €,cb,,Vente stripe,
Stripe,12/12/2023,Stripe,commissions,1.02 €,prv,,commission stripe,
Stripe,12/12/2023,B2T,caisse stripe,49.98 €,cb,x,transfert stripe,
Membre,10/12/2023,Stripe,ventes de marchandises,71.00 €,cb,,Vente stripe,
Stripe,10/12/2023,Stripe,commissions,1.32 €,prv,,commission stripe,
Stripe,10/12/2023,B2T,caisse stripe,69.68 €,cb,x,transfert stripe,
Membre,04/12/2023,Stripe,ventes de marchandises,36.00 €,cb,,Vente stripe,
Stripe,04/12/2023,Stripe,commissions,0.79 €,prv,,commission stripe,
Stripe,04/12/2023,B2T,caisse stripe,35.21 €,cb,x,transfert stripe,
Membre,25/11/2023,Stripe,ventes de marchandises,26.00 €,cb,,Vente stripe,
Stripe,25/11/2023,Stripe,commissions,0.64 €,prv,,commission stripe,
Stripe,25/11/2023,B2T,caisse stripe,25.36 €,cb,x,transfert stripe,
Membre,06/11/2023,Stripe,ventes de marchandises,44.00 €,cb,,Vente stripe,
Stripe,06/11/2023,Stripe,commissions,0.91 €,prv,,commission stripe,
Stripe,06/11/2023,B2T,caisse stripe,43.09 €,cb,x,transfert stripe,
Membre,27/10/2023,Stripe,ventes de marchandises,120.00 €,cb,,Vente stripe,2021-0014
Stripe,27/10/2023,Stripe,commissions,2.53 €,prv,,commission stripe,2021-0014
Stripe,27/10/2023,B2T,caisse stripe,117.47 €,cb,x,transfert stripe,2021-0014
Membre,26/10/2023,Stripe,ventes de marchandises,68.00 €,cb,,Vente stripe,
Stripe,26/10/2023,Stripe,commissions,1.27 €,prv,,commission stripe,
Stripe,26/10/2023,B2T,caisse stripe,66.73 €,cb,x,transfert stripe,
Membre,02/10/2023,Stripe,ventes de marchandises,53.00 €,cb,,Vente stripe,
Stripe,02/10/2023,Stripe,commissions,1.05 €,prv,,commission stripe,
Stripe,02/10/2023,B2T,caisse stripe,51.95 €,cb,x,transfert stripe,
Membre,18/08/2023,Stripe,ventes de marchandises,51.00 €,cb,,Vente stripe,
Stripe,18/08/2023,Stripe,commissions,1.02 €,prv,,commission stripe,
Stripe,18/08/2023,B2T,caisse stripe,49.98 €,cb,x,transfert stripe,
Membre,15/08/2023,Stripe,ventes de marchandises,128.00 €,cb,,Vente stripe,
Stripe,15/08/2023,Stripe,commissions,2.17 €,prv,,commission stripe,
Stripe,15/08/2023,B2T,caisse stripe,125.83 €,cb,x,transfert stripe,
Membre,06/08/2023,Stripe,ventes de marchandises,35.00 €,cb,,Vente stripe,
Stripe,06/08/2023,Stripe,commissions,0.78 €,prv,,commission stripe,
Stripe,06/08/2023,B2T,caisse stripe,34.22 €,cb,x,transfert stripe,
Membre,03/08/2023,Stripe,ventes de marchandises,60.00 €,cb,,Vente stripe,
Stripe,03/08/2023,Stripe,commissions,1.15 €,prv,,commission stripe,
Stripe,03/08/2023,B2T,caisse stripe,58.85 €,cb,x,transfert stripe,
Membre,17/07/2023,Stripe,ventes de marchandises,141.00 €,cb,,Vente stripe,
Stripe,17/07/2023,Stripe,commissions,2.37 €,prv,,commission stripe,
Stripe,17/07/2023,B2T,caisse stripe,138.63 €,cb,x,transfert stripe,
Membre,05/07/2023,Stripe,ventes de marchandises,28.00 €,cb,,Vente stripe,
Stripe,05/07/2023,Stripe,commissions,0.67 €,prv,,commission stripe,
Stripe,05/07/2023,B2T,caisse stripe,27.33 €,cb,x,transfert stripe,
Membre,30/06/2023,Stripe,ventes de marchandises,33.00 €,cb,,Vente stripe,
Stripe,30/06/2023,Stripe,commissions,0.75 €,prv,,commission stripe,
Stripe,30/06/2023,B2T,caisse stripe,32.25 €,cb,x,transfert stripe,
Membre,25/06/2023,Stripe,ventes de marchandises,30.00 €,cb,,Vente stripe,
Stripe,25/06/2023,Stripe,commissions,0.70 €,prv,,commission stripe,
Stripe,25/06/2023,B2T,caisse stripe,29.30 €,cb,x,transfert stripe,
Membre,25/06/2023,Stripe,ventes de marchandises,15.00 €,cb,,Vente stripe,
Stripe,25/06/2023,Stripe,commissions,0.48 €,prv,,commission stripe,
Stripe,25/06/2023,B2T,caisse stripe,14.52 €,cb,x,transfert stripe,
Membre,24/06/2023,Stripe,ventes de marchandises,15.00 €,cb,,Vente stripe,
Stripe,24/06/2023,Stripe,commissions,0.48 €,prv,,commission stripe,
Stripe,24/06/2023,B2T,caisse stripe,14.52 €,cb,x,transfert stripe,
Membre,24/06/2023,Stripe,ventes de marchandises,15.00 €,cb,,Vente stripe,
Stripe,24/06/2023,Stripe,commissions,0.48 €,prv,,commission stripe,
Stripe,24/06/2023,B2T,caisse stripe,14.52 €,cb,x,transfert stripe,
Membre,24/06/2023,Stripe,ventes de marchandises,45.00 €,cb,,Vente stripe,
Stripe,24/06/2023,Stripe,commissions,0.93 €,prv,,commission stripe,
Stripe,24/06/2023,B2T,caisse stripe,44.07 €,cb,x,transfert stripe,
Membre,24/06/2023,Stripe,ventes de marchandises,30.00 €,cb,,Vente stripe,
Stripe,24/06/2023,Stripe,commissions,0.61 €,prv,,commission stripe,
Stripe,24/06/2023,B2T,caisse stripe,29.39 €,cb,x,transfert stripe,
Membre,24/06/2023,Stripe,ventes de marchandises,30.00 €,cb,,Vente stripe,
Stripe,24/06/2023,Stripe,commissions,0.70 €,prv,,commission stripe,
Stripe,24/06/2023,B2T,caisse stripe,29.30 €,cb,x,transfert stripe,
Membre,24/06/2023,Stripe,ventes de marchandises,30.00 €,cb,,Vente stripe,
Stripe,24/06/2023,Stripe,commissions,0.70 €,prv,,commission stripe,
Stripe,24/06/2023,B2T,caisse stripe,29.30 €,cb,x,transfert stripe,
Membre,23/06/2023,Stripe,ventes de marchandises,30.00 €,cb,,Vente stripe,
Stripe,23/06/2023,Stripe,commissions,0.61 €,prv,,commission stripe,
Stripe,23/06/2023,B2T,caisse stripe,29.39 €,cb,x,transfert stripe,
Membre,23/06/2023,Stripe,ventes de marchandises,30.00 €,cb,,Vente stripe,
Stripe,23/06/2023,Stripe,commissions,0.70 €,prv,,commission stripe,
Stripe,23/06/2023,B2T,caisse stripe,29.30 €,cb,x,transfert stripe,
Membre,23/06/2023,Stripe,ventes de marchandises,15.00 €,cb,,Vente stripe,
Stripe,23/06/2023,Stripe,commissions,0.48 €,prv,,commission stripe,
Stripe,23/06/2023,B2T,caisse stripe,14.52 €,cb,x,transfert stripe,
Membre,23/06/2023,Stripe,ventes de marchandises,15.00 €,cb,,Vente stripe,
Stripe,23/06/2023,Stripe,commissions,0.48 €,prv,,commission stripe,
Stripe,23/06/2023,B2T,caisse stripe,14.52 €,cb,x,transfert stripe,
Membre,23/06/2023,Stripe,ventes de marchandises,15.00 €,cb,,Vente stripe,
Stripe,23/06/2023,Stripe,commissions,0.48 €,prv,,commission stripe,
Stripe,23/06/2023,B2T,caisse stripe,14.52 €,cb,x,transfert stripe,
Membre,22/06/2023,Stripe,ventes de marchandises,36.00 €,cb,,Vente stripe,
Stripe,22/06/2023,Stripe,commissions,0.68 €,prv,,commission stripe,
Stripe,22/06/2023,B2T,caisse stripe,35.32 €,cb,x,transfert stripe,
Membre,22/06/2023,Stripe,ventes de marchandises,192.00 €,cb,,Vente stripe,
Stripe,22/06/2023,Stripe,commissions,3.13 €,prv,,commission stripe,
Stripe,22/06/2023,B2T,caisse stripe,188.87 €,cb,x,transfert stripe,
Membre,22/06/2023,Stripe,ventes de marchandises,18.00 €,cb,,Vente stripe,
Stripe,22/06/2023,Stripe,commissions,0.52 €,prv,,commission stripe,
Stripe,22/06/2023,B2T,caisse stripe,17.48 €,cb,x,transfert stripe,
Membre,22/06/2023,Stripe,ventes de marchandises,15.00 €,cb,,Vente stripe,
Stripe,22/06/2023,Stripe,commissions,0.43 €,prv,,commission stripe,
Stripe,22/06/2023,B2T,caisse stripe,14.57 €,cb,x,transfert stripe,
Membre,22/06/2023,Stripe,ventes de marchandises,15.00 €,cb,,Vente stripe,
Stripe,22/06/2023,Stripe,commissions,0.43 €,prv,,commission stripe,
Stripe,22/06/2023,B2T,caisse stripe,14.57 €,cb,x,transfert stripe,
Membre,22/06/2023,Stripe,ventes de marchandises,337.00 €,cb,,Vente stripe,
Stripe,22/06/2023,Stripe,commissions,11.20 €,prv,,commission stripe,
Stripe,22/06/2023,B2T,caisse stripe,325.80 €,cb,x,transfert stripe,
Membre,22/06/2023,Stripe,ventes de marchandises,36.00 €,cb,,Vente stripe,
Stripe,22/06/2023,Stripe,commissions,0.79 €,prv,,commission stripe,
Stripe,22/06/2023,B2T,caisse stripe,35.21 €,cb,x,transfert stripe,
Membre,22/06/2023,Stripe,ventes de marchandises,15.00 €,cb,,Vente stripe,
Stripe,22/06/2023,Stripe,commissions,0.48 €,prv,,commission stripe,
Stripe,22/06/2023,B2T,caisse stripe,14.52 €,cb,x,transfert stripe,
Membre,22/06/2023,Stripe,ventes de marchandises,15.00 €,cb,,Vente stripe,
Stripe,22/06/2023,Stripe,commissions,0.48 €,prv,,commission stripe,
Stripe,22/06/2023,B2T,caisse stripe,14.52 €,cb,x,transfert stripe,
Membre,22/06/2023,Stripe,ventes de marchandises,30.00 €,cb,,Vente stripe,
Stripe,22/06/2023,Stripe,commissions,0.70 €,prv,,commission stripe,
Stripe,22/06/2023,B2T,caisse stripe,29.30 €,cb,x,transfert stripe,
Membre,22/06/2023,Stripe,ventes de marchandises,15.00 €,cb,,Vente stripe,
Stripe,22/06/2023,Stripe,commissions,0.43 €,prv,,commission stripe,
Stripe,22/06/2023,B2T,caisse stripe,14.57 €,cb,x,transfert stripe,
Membre,21/06/2023,Stripe,ventes de marchandises,30.00 €,cb,,Vente stripe,
Stripe,21/06/2023,Stripe,commissions,0.70 €,prv,,commission stripe,
Stripe,21/06/2023,B2T,caisse stripe,29.30 €,cb,x,transfert stripe,
Membre,20/06/2023,Stripe,ventes de marchandises,60.00 €,cb,,Vente stripe,
Stripe,20/06/2023,Stripe,commissions,1.15 €,prv,,commission stripe,
Stripe,20/06/2023,B2T,caisse stripe,58.85 €,cb,x,transfert stripe,
Membre,19/06/2023,Stripe,ventes de marchandises,33.00 €,cb,,Vente stripe,
Stripe,19/06/2023,Stripe,commissions,0.75 €,prv,,commission stripe,
Stripe,19/06/2023,B2T,caisse stripe,32.25 €,cb,x,transfert stripe,
Membre,18/06/2023,Stripe,ventes de marchandises,60.00 €,cb,,Vente stripe,
Stripe,18/06/2023,Stripe,commissions,1.15 €,prv,,commission stripe,
Stripe,18/06/2023,B2T,caisse stripe,58.85 €,cb,x,transfert stripe,
Membre,15/06/2023,Stripe,ventes de marchandises,30.00 €,cb,,Vente stripe,
Stripe,15/06/2023,Stripe,commissions,0.70 €,prv,,commission stripe,
Stripe,15/06/2023,B2T,caisse stripe,29.30 €,cb,x,transfert stripe,
Membre,13/06/2023,Stripe,ventes de marchandises,30.00 €,cb,,Vente stripe,
Stripe,13/06/2023,Stripe,commissions,0.70 €,prv,,commission stripe,
Stripe,13/06/2023,B2T,caisse stripe,29.30 €,cb,x,transfert stripe,
Membre,11/06/2023,Stripe,ventes de marchandises,30.00 €,cb,,Vente stripe,
Stripe,11/06/2023,Stripe,commissions,0.61 €,prv,,commission stripe,
Stripe,11/06/2023,B2T,caisse stripe,29.39 €,cb,x,transfert stripe,
Membre,09/06/2023,Stripe,ventes de marchandises,50.00 €,cb,,Vente stripe,
Stripe,09/06/2023,Stripe,commissions,1.00 €,prv,,commission stripe,
Stripe,09/06/2023,B2T,caisse stripe,49.00 €,cb,x,transfert stripe,
Membre,08/06/2023,Stripe,ventes de marchandises,52.00 €,cb,,Vente stripe,
Stripe,08/06/2023,Stripe,commissions,1.03 €,prv,,commission stripe,
Stripe,08/06/2023,B2T,caisse stripe,50.97 €,cb,x,transfert stripe,
Membre,08/06/2023,Stripe,ventes de marchandises,60.00 €,cb,,Vente stripe,
Stripe,08/06/2023,Stripe,commissions,1.15 €,prv,,commission stripe,
Stripe,08/06/2023,B2T,caisse stripe,58.85 €,cb,x,transfert stripe,
Membre,07/06/2023,Stripe,ventes de marchandises,30.00 €,cb,,Vente stripe,
Stripe,07/06/2023,Stripe,commissions,0.70 €,prv,,commission stripe,
Stripe,07/06/2023,B2T,caisse stripe,29.30 €,cb,x,transfert stripe,
Membre,05/06/2023,Stripe,ventes de marchandises,50.00 €,cb,,Vente stripe,
Stripe,05/06/2023,Stripe,commissions,1.88 €,prv,,commission stripe,
Stripe,05/06/2023,B2T,caisse stripe,48.12 €,cb,x,transfert stripe,
Membre,05/06/2023,Stripe,ventes de marchandises,30.00 €,cb,,Vente stripe,
Stripe,05/06/2023,Stripe,commissions,0.70 €,prv,,commission stripe,
Stripe,05/06/2023,B2T,caisse stripe,29.30 €,cb,x,transfert stripe,
Membre,04/06/2023,Stripe,ventes de marchandises,50.00 €,cb,,Vente stripe,
Stripe,04/06/2023,Stripe,commissions,1.00 €,prv,,commission stripe,
Stripe,04/06/2023,B2T,caisse stripe,49.00 €,cb,x,transfert stripe,
Membre,01/06/2023,Stripe,ventes de marchandises,15.00 €,cb,,Vente stripe,
Stripe,01/06/2023,Stripe,commissions,0.48 €,prv,,commission stripe,
Stripe,01/06/2023,B2T,caisse stripe,14.52 €,cb,x,transfert stripe,
Membre,26/05/2023,Stripe,ventes de marchandises,50.00 €,cb,,Vente stripe,
Stripe,26/05/2023,Stripe,commissions,1.00 €,prv,,commission stripe,
Stripe,26/05/2023,B2T,caisse stripe,49.00 €,cb,x,transfert stripe,
Membre,25/05/2023,Stripe,ventes de marchandises,15.00 €,cb,,Vente stripe,
Stripe,25/05/2023,Stripe,commissions,0.48 €,prv,,commission stripe,
Stripe,25/05/2023,B2T,caisse stripe,14.52 €,cb,x,transfert stripe,
Membre,25/05/2023,Stripe,ventes de marchandises,15.00 €,cb,,Vente stripe,
Stripe,25/05/2023,Stripe,commissions,0.48 €,prv,,commission stripe,
Stripe,25/05/2023,B2T,caisse stripe,14.52 €,cb,x,transfert stripe,
Membre,24/05/2023,Stripe,ventes de marchandises,105.00 €,cb,,Vente stripe,
Stripe,24/05/2023,Stripe,commissions,2.25 €,prv,,commission stripe,
Stripe,24/05/2023,B2T,caisse stripe,102.75 €,cb,x,transfert stripe,
Membre,23/05/2023,Stripe,ventes de marchandises,60.00 €,cb,,Vente stripe,
Stripe,23/05/2023,Stripe,commissions,1.39 €,prv,,commission stripe,
Stripe,23/05/2023,B2T,caisse stripe,58.61 €,cb,x,transfert stripe,
Membre,23/05/2023,Stripe,ventes de marchandises,30.00 €,cb,,Vente stripe,
Stripe,23/05/2023,Stripe,commissions,0.70 €,prv,,commission stripe,
Stripe,23/05/2023,B2T,caisse stripe,29.30 €,cb,x,transfert stripe,
Membre,22/05/2023,Stripe,ventes de marchandises,30.00 €,cb,,Vente stripe,
Stripe,22/05/2023,Stripe,commissions,0.61 €,prv,,commission stripe,
Stripe,22/05/2023,B2T,caisse stripe,29.39 €,cb,x,transfert stripe,
Membre,10/05/2023,Stripe,ventes de marchandises,52.00 €,cb,,Vente stripe,
Stripe,10/05/2023,Stripe,commissions,1.03 €,prv,,commission stripe,
Stripe,10/05/2023,B2T,caisse stripe,50.97 €,cb,x,transfert stripe,
Membre,05/04/2023,Stripe,ventes de marchandises,36.00 €,cb,,Vente stripe,
Stripe,05/04/2023,Stripe,commissions,0.75 €,prv,,commission stripe,
Stripe,05/04/2023,B2T,caisse stripe,35.25 €,cb,x,transfert stripe,
Membre,05/03/2023,Stripe,ventes de marchandises,98.00 €,cb,,Vente stripe,
Stripe,05/03/2023,Stripe,commissions,1.62 €,prv,,commission stripe,
Stripe,05/03/2023,B2T,caisse stripe,96.38 €,cb,x,transfert stripe,
Membre,03/03/2023,Stripe,ventes de marchandises,59.00 €,cb,,Vente stripe,
Stripe,03/03/2023,Stripe,commissions,1.08 €,prv,,commission stripe,
Stripe,03/03/2023,B2T,caisse stripe,57.92 €,cb,x,transfert stripe,
Membre,27/01/2023,Stripe,ventes de marchandises,70.00 €,cb,,Vente stripe,
Stripe,27/01/2023,Stripe,commissions,2.28 €,prv,,commission stripe,
Stripe,27/01/2023,B2T,caisse stripe,67.72 €,cb,x,transfert stripe,
Membre,26/01/2023,Stripe,ventes de marchandises,26.00 €,cb,,Vente stripe,
Stripe,26/01/2023,Stripe,commissions,0.61 €,prv,,commission stripe,
Stripe,26/01/2023,B2T,caisse stripe,25.39 €,cb,x,transfert stripe,
Membre,19/01/2023,Stripe,ventes de marchandises,132.00 €,cb,,Vente stripe,
Stripe,19/01/2023,Stripe,commissions,2.10 €,prv,,commission stripe,
Stripe,19/01/2023,B2T,caisse stripe,129.90 €,cb,x,transfert stripe,
Membre,10/01/2023,Stripe,ventes de marchandises,82.00 €,cb,,Vente stripe,
Stripe,10/01/2023,Stripe,commissions,1.40 €,prv,,commission stripe,
Stripe,10/01/2023,B2T,caisse stripe,80.60 €,cb,x,transfert stripe,
Membre,14/12/2022,Stripe,ventes de marchandises,31.00 €,cb,,Vente stripe,
Stripe,14/12/2022,Stripe,commissions,0.68 €,prv,,commission stripe,
Stripe,14/12/2022,B2T,caisse stripe,30.32 €,cb,x,transfert stripe,
Membre,12/12/2022,Stripe,ventes de marchandises,21.00 €,cb,,Vente stripe,
Stripe,12/12/2022,Stripe,commissions,0.50 €,prv,,commission stripe,
Stripe,12/12/2022,B2T,caisse stripe,20.50 €,cb,x,transfert stripe,
Membre,10/12/2022,Stripe,ventes de marchandises,150.00 €,cb,,Vente stripe,
Stripe,10/12/2022,Stripe,commissions,4.60 €,prv,,commission stripe,
Stripe,10/12/2022,B2T,caisse stripe,145.40 €,cb,x,transfert stripe,
Membre,30/11/2022,Stripe,ventes de marchandises,90.00 €,cb,,Vente stripe,
Stripe,30/11/2022,Stripe,commissions,2.86 €,prv,,commission stripe,
Stripe,30/11/2022,B2T,caisse stripe,87.14 €,cb,x,transfert stripe,
Membre,10/10/2022,Stripe,ventes de marchandises,66.00 €,cb,,Vente stripe,
Stripe,10/10/2022,Stripe,commissions,1.17 €,prv,,commission stripe,
Stripe,10/10/2022,B2T,caisse stripe,64.83 €,cb,x,transfert stripe,
Membre,02/10/2022,Stripe,ventes de marchandises,90.00 €,cb,,Vente stripe,
Stripe,02/10/2022,Stripe,commissions,2.86 €,prv,,commission stripe,
Stripe,02/10/2022,B2T,caisse stripe,87.14 €,cb,x,transfert stripe,
Membre,01/10/2022,Stripe,ventes de marchandises,30.00 €,cb,,Vente stripe,
Stripe,01/10/2022,Stripe,commissions,0.67 €,prv,,commission stripe,
Stripe,01/10/2022,B2T,caisse stripe,29.33 €,cb,x,transfert stripe,
Membre,01/10/2022,Stripe,ventes de marchandises,15.00 €,cb,,Vente stripe,
Stripe,01/10/2022,Stripe,commissions,0.46 €,prv,,commission stripe,
Stripe,01/10/2022,B2T,caisse stripe,14.54 €,cb,x,transfert stripe,
Membre,01/10/2022,Stripe,ventes de marchandises,15.00 €,cb,,Vente stripe,
Stripe,01/10/2022,Stripe,commissions,0.46 €,prv,,commission stripe,
Stripe,01/10/2022,B2T,caisse stripe,14.54 €,cb,x,transfert stripe,
Membre,01/10/2022,Stripe,ventes de marchandises,60.00 €,cb,,Vente stripe,
Stripe,01/10/2022,Stripe,commissions,1.99 €,prv,,commission stripe,
Stripe,01/10/2022,B2T,caisse stripe,58.01 €,cb,x,transfert stripe,
Membre,01/10/2022,Stripe,ventes de marchandises,30.00 €,cb,,Vente stripe,
Stripe,01/10/2022,Stripe,commissions,0.67 €,prv,,commission stripe,
Stripe,01/10/2022,B2T,caisse stripe,29.33 €,cb,x,transfert stripe,
Membre,30/09/2022,Stripe,ventes de marchandises,15.00 €,cb,,Vente stripe,
Stripe,30/09/2022,Stripe,commissions,0.46 €,prv,,commission stripe,
Stripe,30/09/2022,B2T,caisse stripe,14.54 €,cb,x,transfert stripe,
Membre,30/09/2022,Stripe,ventes de marchandises,15.00 €,cb,,Vente stripe,
Stripe,30/09/2022,Stripe,commissions,0.46 €,prv,,commission stripe,
Stripe,30/09/2022,B2T,caisse stripe,14.54 €,cb,x,transfert stripe,
Membre,30/09/2022,Stripe,ventes de marchandises,15.00 €,cb,,Vente stripe,
Stripe,30/09/2022,Stripe,commissions,0.46 €,prv,,commission stripe,
Stripe,30/09/2022,B2T,caisse stripe,14.54 €,cb,x,transfert stripe,
Membre,30/09/2022,Stripe,ventes de marchandises,30.00 €,cb,,Vente stripe,
Stripe,30/09/2022,Stripe,commissions,0.67 €,prv,,commission stripe,
Stripe,30/09/2022,B2T,caisse stripe,29.33 €,cb,x,transfert stripe,
Membre,30/09/2022,Stripe,ventes de marchandises,30.00 €,cb,,Vente stripe,
Stripe,30/09/2022,Stripe,commissions,0.67 €,prv,,commission stripe,
Stripe,30/09/2022,B2T,caisse stripe,29.33 €,cb,x,transfert stripe,
Membre,30/09/2022,Stripe,ventes de marchandises,15.00 €,cb,,Vente stripe,
Stripe,30/09/2022,Stripe,commissions,0.46 €,prv,,commission stripe,
Stripe,30/09/2022,B2T,caisse stripe,14.54 €,cb,x,transfert stripe,
Membre,30/09/2022,Stripe,ventes de marchandises,30.00 €,cb,,Vente stripe,
Stripe,30/09/2022,Stripe,commissions,0.67 €,prv,,commission stripe,
Stripe,30/09/2022,B2T,caisse stripe,29.33 €,cb,x,transfert stripe,
Membre,30/09/2022,Stripe,ventes de marchandises,10.00 €,cb,,Vente stripe,
Stripe,30/09/2022,Stripe,commissions,0.39 €,prv,,commission stripe,
Stripe,30/09/2022,B2T,caisse stripe,9.61 €,cb,x,transfert stripe,
Membre,30/09/2022,Stripe,ventes de marchandises,30.00 €,cb,,Vente stripe,
Stripe,30/09/2022,Stripe,commissions,0.67 €,prv,,commission stripe,
Stripe,30/09/2022,B2T,caisse stripe,29.33 €,cb,x,transfert stripe,
Membre,29/09/2022,Stripe,ventes de marchandises,36.00 €,cb,,Vente stripe,
Stripe,29/09/2022,Stripe,commissions,0.75 €,prv,,commission stripe,
Stripe,29/09/2022,B2T,caisse stripe,35.25 €,cb,x,transfert stripe,
Membre,29/09/2022,Stripe,ventes de marchandises,15.00 €,cb,,Vente stripe,
Stripe,29/09/2022,Stripe,commissions,0.46 €,prv,,commission stripe,
Stripe,29/09/2022,B2T,caisse stripe,14.54 €,cb,x,transfert stripe,
Membre,28/09/2022,Stripe,ventes de marchandises,15.00 €,cb,,Vente stripe,
Stripe,28/09/2022,Stripe,commissions,0.46 €,prv,,commission stripe,
Stripe,28/09/2022,B2T,caisse stripe,14.54 €,cb,x,transfert stripe,
Membre,28/09/2022,Stripe,ventes de marchandises,24.00 €,cb,,Vente stripe,
Stripe,28/09/2022,Stripe,commissions,0.59 €,prv,,commission stripe,
Stripe,28/09/2022,B2T,caisse stripe,23.41 €,cb,x,transfert stripe,
Membre,28/09/2022,Stripe,ventes de marchandises,45.00 €,cb,,Vente stripe,
Stripe,28/09/2022,Stripe,commissions,0.88 €,prv,,commission stripe,
Stripe,28/09/2022,B2T,caisse stripe,44.12 €,cb,x,transfert stripe,
Membre,27/09/2022,Stripe,ventes de marchandises,45.00 €,cb,,Vente stripe,
Stripe,27/09/2022,Stripe,commissions,0.88 €,prv,,commission stripe,
Stripe,27/09/2022,B2T,caisse stripe,44.12 €,cb,x,transfert stripe,
Membre,27/09/2022,Stripe,ventes de marchandises,24.00 €,cb,,Vente stripe,
Stripe,27/09/2022,Stripe,commissions,0.59 €,prv,,commission stripe,
Stripe,27/09/2022,B2T,caisse stripe,23.41 €,cb,x,transfert stripe,
Membre,27/09/2022,Stripe,ventes de marchandises,15.00 €,cb,,Vente stripe,
Stripe,27/09/2022,Stripe,commissions,0.46 €,prv,,commission stripe,
Stripe,27/09/2022,B2T,caisse stripe,14.54 €,cb,x,transfert stripe,
Membre,26/09/2022,Stripe,ventes de marchandises,50.00 €,cb,,Vente stripe,
Stripe,26/09/2022,Stripe,commissions,0.95 €,prv,,commission stripe,
Stripe,26/09/2022,B2T,caisse stripe,49.05 €,cb,x,transfert stripe,
Membre,26/09/2022,Stripe,ventes de marchandises,15.00 €,cb,,Vente stripe,
Stripe,26/09/2022,Stripe,commissions,0.46 €,prv,,commission stripe,
Stripe,26/09/2022,B2T,caisse stripe,14.54 €,cb,x,transfert stripe,
Membre,25/09/2022,Stripe,ventes de marchandises,30.00 €,cb,,Vente stripe,
Stripe,25/09/2022,Stripe,commissions,0.67 €,prv,,commission stripe,
Stripe,25/09/2022,B2T,caisse stripe,29.33 €,cb,x,transfert stripe,
Membre,25/09/2022,Stripe,ventes de marchandises,50.00 €,cb,,Vente stripe,
Stripe,25/09/2022,Stripe,commissions,0.95 €,prv,,commission stripe,
Stripe,25/09/2022,B2T,caisse stripe,49.05 €,cb,x,transfert stripe,
Membre,24/09/2022,Stripe,ventes de marchandises,30.00 €,cb,,Vente stripe,
Stripe,24/09/2022,Stripe,commissions,0.67 €,prv,,commission stripe,
Stripe,24/09/2022,B2T,caisse stripe,29.33 €,cb,x,transfert stripe,
Membre,22/09/2022,Stripe,ventes de marchandises,30.00 €,cb,,Vente stripe,
Stripe,22/09/2022,Stripe,commissions,0.67 €,prv,,commission stripe,
Stripe,22/09/2022,B2T,caisse stripe,29.33 €,cb,x,transfert stripe,
Membre,20/09/2022,Stripe,ventes de marchandises,15.00 €,cb,,Vente stripe,
Stripe,20/09/2022,Stripe,commissions,0.46 €,prv,,commission stripe,
Stripe,20/09/2022,B2T,caisse stripe,14.54 €,cb,x,transfert stripe,
Membre,19/09/2022,Stripe,ventes de marchandises,66.00 €,cb,,Vente stripe,
Stripe,19/09/2022,Stripe,commissions,1.17 €,prv,,commission stripe,
Stripe,19/09/2022,B2T,caisse stripe,64.83 €,cb,x,transfert stripe,
Membre,19/09/2022,Stripe,ventes de marchandises,80.00 €,cb,,Vente stripe,
Stripe,19/09/2022,Stripe,commissions,1.37 €,prv,,commission stripe,
Stripe,19/09/2022,B2T,caisse stripe,78.63 €,cb,x,transfert stripe,
Membre,15/09/2022,Stripe,ventes de marchandises,15.00 €,cb,,Vente stripe,
Stripe,15/09/2022,Stripe,commissions,0.46 €,prv,,commission stripe,
Stripe,15/09/2022,B2T,caisse stripe,14.54 €,cb,x,transfert stripe,
Membre,15/09/2022,Stripe,ventes de marchandises,36.00 €,cb,,Vente stripe,
Stripe,15/09/2022,Stripe,commissions,0.75 €,prv,,commission stripe,
Stripe,15/09/2022,B2T,caisse stripe,35.25 €,cb,x,transfert stripe,
Membre,14/09/2022,Stripe,ventes de marchandises,80.00 €,cb,,Vente stripe,
Stripe,14/09/2022,Stripe,commissions,1.37 €,prv,,commission stripe,
Stripe,14/09/2022,B2T,caisse stripe,78.63 €,cb,x,transfert stripe,
Membre,13/09/2022,Stripe,ventes de marchandises,30.00 €,cb,,Vente stripe,
Stripe,13/09/2022,Stripe,commissions,0.67 €,prv,,commission stripe,
Stripe,13/09/2022,B2T,caisse stripe,29.33 €,cb,x,transfert stripe,
Membre,10/09/2022,Stripe,ventes de marchandises,15.00 €,cb,,Vente stripe,
Stripe,10/09/2022,Stripe,commissions,0.46 €,prv,,commission stripe,
Stripe,10/09/2022,B2T,caisse stripe,14.54 €,cb,x,transfert stripe,
Membre,09/09/2022,Stripe,ventes de marchandises,100.00 €,cb,,Vente stripe,
Stripe,09/09/2022,Stripe,commissions,1.65 €,prv,,commission stripe,
Stripe,09/09/2022,B2T,caisse stripe,98.35 €,cb,x,transfert stripe,
Membre,27/08/2022,Stripe,ventes de marchandises,50.00 €,cb,,Vente stripe,
Stripe,27/08/2022,Stripe,commissions,0.95 €,prv,,commission stripe,
Stripe,27/08/2022,B2T,caisse stripe,49.05 €,cb,x,transfert stripe,
Membre,18/08/2022,Stripe,ventes de marchandises,80.00 €,cb,,Vente stripe,
Stripe,18/08/2022,Stripe,commissions,2.57 €,prv,,commission stripe,
Stripe,18/08/2022,B2T,caisse stripe,77.43 €,cb,x,transfert stripe,
Membre,09/08/2022,Stripe,ventes de marchandises,110.00 €,cb,,Vente stripe,
Stripe,09/08/2022,Stripe,commissions,3.44 €,prv,,commission stripe,
Stripe,09/08/2022,B2T,caisse stripe,106.56 €,cb,x,transfert stripe,
Membre,08/08/2022,Stripe,ventes de marchandises,50.00 €,cb,,Vente stripe,
Stripe,08/08/2022,Stripe,commissions,0.95 €,prv,,commission stripe,
Stripe,08/08/2022,B2T,caisse stripe,49.05 €,cb,x,transfert stripe,
Membre,08/08/2022,Stripe,ventes de marchandises,30.00 €,cb,,Vente stripe,
Stripe,08/08/2022,Stripe,commissions,0.67 €,prv,,commission stripe,
Stripe,08/08/2022,B2T,caisse stripe,29.33 €,cb,x,transfert stripe,
Membre,04/08/2022,Stripe,ventes de marchandises,75.00 €,cb,,Vente stripe,2021-0009
Stripe,04/08/2022,Stripe,commissions,1.30 €,prv,,commission stripe,2021-0009
Stripe,04/08/2022,B2T,caisse stripe,73.70 €,cb,x,transfert stripe,2021-0009
Membre,02/08/2022,Stripe,ventes de marchandises,73.00 €,cb,,Vente stripe,
Stripe,02/08/2022,Stripe,commissions,2.37 €,prv,,commission stripe,
Stripe,02/08/2022,B2T,caisse stripe,70.63 €,cb,x,transfert stripe,
Membre,18/07/2022,Stripe,ventes de marchandises,63.00 €,cb,,Vente stripe,
Stripe,18/07/2022,Stripe,commissions,2.08 €,prv,,commission stripe,
Stripe,18/07/2022,B2T,caisse stripe,60.92 €,cb,x,transfert stripe,
Membre,15/07/2022,Stripe,ventes de marchandises,120.00 €,cb,,Vente stripe,
Stripe,15/07/2022,Stripe,commissions,1.93 €,prv,,commission stripe,
Stripe,15/07/2022,B2T,caisse stripe,118.07 €,cb,x,transfert stripe,
Membre,09/07/2022,Stripe,ventes de marchandises,121.00 €,cb,,Vente stripe,
Stripe,09/07/2022,Stripe,commissions,1.94 €,prv,,commission stripe,
Stripe,09/07/2022,B2T,caisse stripe,119.06 €,cb,x,transfert stripe,
Membre,29/06/2022,Stripe,ventes de marchandises,135.00 €,cb,,Vente stripe,
Stripe,29/06/2022,Stripe,commissions,2.14 €,prv,,commission stripe,
Stripe,29/06/2022,B2T,caisse stripe,132.86 €,cb,x,transfert stripe,
Membre,13/06/2022,Stripe,ventes de marchandises,80.00 €,cb,,Vente stripe,
Stripe,13/06/2022,Stripe,commissions,1.37 €,prv,,commission stripe,
Stripe,13/06/2022,B2T,caisse stripe,78.63 €,cb,x,transfert stripe,
Membre,08/06/2022,Stripe,ventes de marchandises,106.00 €,cb,,Vente stripe,
Stripe,08/06/2022,Stripe,commissions,1.73 €,prv,,commission stripe,
Stripe,08/06/2022,B2T,caisse stripe,104.27 €,cb,x,transfert stripe,
Membre,08/06/2022,Stripe,ventes de marchandises,158.00 €,cb,,Vente stripe,
Stripe,08/06/2022,Stripe,commissions,2.46 €,prv,,commission stripe,
Stripe,08/06/2022,B2T,caisse stripe,155.54 €,cb,x,transfert stripe,
Membre,07/06/2022,Stripe,ventes de marchandises,60.00 €,cb,,Vente stripe,
Stripe,07/06/2022,Stripe,commissions,1.09 €,prv,,commission stripe,
Stripe,07/06/2022,B2T,caisse stripe,58.91 €,cb,x,transfert stripe,
Membre,20/03/2022,Stripe,ventes de marchandises,35.00 €,cb,,Vente stripe,
Stripe,20/03/2022,Stripe,commissions,0.74 €,prv,,commission stripe,
Stripe,20/03/2022,B2T,caisse stripe,34.26 €,cb,x,transfert stripe,
Membre,05/03/2022,Stripe,ventes de marchandises,60.00 €,cb,,Vente stripe,
Stripe,05/03/2022,Stripe,commissions,1.09 €,prv,,commission stripe,
Stripe,05/03/2022,B2T,caisse stripe,58.91 €,cb,x,transfert stripe,
Membre,04/03/2022,Stripe,ventes de marchandises,83.00 €,cb,,Vente stripe,
Stripe,04/03/2022,Stripe,commissions,1.41 €,prv,,commission stripe,
Stripe,04/03/2022,B2T,caisse stripe,81.59 €,cb,x,transfert stripe,
Membre,04/03/2022,Stripe,ventes de marchandises,84.26 €,cb,,Vente stripe,
Stripe,04/03/2022,Stripe,commissions,2.69 €,prv,,commission stripe,
Stripe,04/03/2022,B2T,caisse stripe,81.57 €,cb,x,transfert stripe,
Membre,03/03/2022,Stripe,ventes de marchandises,106.00 €,cb,,Vente stripe,
Stripe,03/03/2022,Stripe,commissions,1.73 €,prv,,commission stripe,
Stripe,03/03/2022,B2T,caisse stripe,104.27 €,cb,x,transfert stripe,
Membre,03/03/2022,Stripe,ventes de marchandises,60.00 €,cb,,Vente stripe,
Stripe,03/03/2022,Stripe,commissions,1.09 €,prv,,commission stripe,
Stripe,03/03/2022,B2T,caisse stripe,58.91 €,cb,x,transfert stripe,
Membre,03/03/2022,Stripe,ventes de marchandises,50.00 €,cb,,Vente stripe,
Stripe,03/03/2022,Stripe,commissions,0.95 €,prv,,commission stripe,
Stripe,03/03/2022,B2T,caisse stripe,49.05 €,cb,x,transfert stripe,
Membre,04/02/2022,Stripe,ventes de marchandises,35.00 €,cb,,Vente stripe,
Stripe,04/02/2022,Stripe,commissions,0.74 €,prv,,commission stripe,
Stripe,04/02/2022,B2T,caisse stripe,34.26 €,cb,x,transfert stripe,
Membre,18/01/2022,Stripe,ventes de marchandises,110.00 €,cb,,Vente stripe,
Stripe,18/01/2022,Stripe,commissions,1.79 €,prv,,commission stripe,
Stripe,18/01/2022,B2T,caisse stripe,108.21 €,cb,x,transfert stripe,
Membre,22/12/2021,Stripe,ventes de marchandises,60.00 €,cb,,Vente stripe,2021-0006
Stripe,22/12/2021,Stripe,commissions,1.09 €,prv,,commission stripe,2021-0006
Stripe,22/12/2021,B2T,caisse stripe,58.91 €,cb,x,transfert stripe,2021-0006
Membre,06/12/2021,Stripe,ventes de marchandises,95.00 €,cb,,Vente stripe,2021-0005
Stripe,06/12/2021,Stripe,commissions,1.58 €,prv,,commission stripe,2021-0005
Stripe,06/12/2021,B2T,caisse stripe,93.42 €,cb,x,transfert stripe,2021-0005
Membre,03/12/2021,Stripe,ventes de marchandises,80.00 €,cb,,Vente stripe,
Stripe,03/12/2021,Stripe,commissions,1.37 €,prv,,commission stripe,
Stripe,03/12/2021,B2T,caisse stripe,78.63 €,cb,x,transfert stripe,
Membre,16/11/2021,Stripe,ventes de marchandises,30.00 €,cb,,Vente stripe,2021-0004
Stripe,16/11/2021,Stripe,commissions,0.67 €,prv,,commission stripe,2021-0004
Stripe,16/11/2021,B2T,caisse stripe,29.33 €,cb,x,transfert stripe,2021-0004
Membre,14/11/2021,Stripe,ventes de marchandises,105.00 €,cb,,Vente stripe,
Stripe,14/11/2021,Stripe,commissions,1.72 €,prv,,commission stripe,
Stripe,14/11/2021,B2T,caisse stripe,103.28 €,cb,x,transfert stripe,
Membre,02/11/2021,Stripe,ventes de marchandises,125.00 €,cb,,Vente stripe,
Stripe,02/11/2021,Stripe,commissions,2.00 €,prv,,commission stripe,
Stripe,02/11/2021,B2T,caisse stripe,123.00 €,cb,x,transfert stripe,
Membre,28/10/2021,Stripe,ventes de marchandises,65.00 €,cb,,Vente stripe,
Stripe,28/10/2021,Stripe,commissions,1.16 €,prv,,commission stripe,
Stripe,28/10/2021,B2T,caisse stripe,63.84 €,cb,x,transfert stripe,
Membre,28/10/2021,Stripe,ventes de marchandises,65.00 €,cb,,Vente stripe,
Stripe,28/10/2021,Stripe,commissions,1.16 €,prv,,commission stripe,
Stripe,28/10/2021,B2T,caisse stripe,63.84 €,cb,x,transfert stripe,
Membre,19/10/2021,Stripe,ventes de marchandises,35.00 €,cb,,Vente stripe,
Stripe,19/10/2021,Stripe,commissions,0.74 €,prv,,commission stripe,
Stripe,19/10/2021,B2T,caisse stripe,34.26 €,cb,x,transfert stripe,
Membre,28/05/2021,Stripe,ventes de marchandises,90.00 €,cb,,Vente stripe,2021-0002
Stripe,28/05/2021,Stripe,commissions,1.51 €,prv,,commission stripe,2021-0002
Stripe,28/05/2021,B2T,caisse stripe,88.49 €,cb,x,transfert stripe,2021-0002
Membre,18/05/2021,Stripe,ventes de marchandises,625.74 €,cb,,Vente stripe,2021-0001
Stripe,18/05/2021,Stripe,commissions,9.01 €,prv,,commission stripe,2021-0001
Stripe,18/05/2021,B2T,caisse stripe,616.73 €,cb,x,transfert stripe,2021-0001
